{
  "interactionModel": {
    "languageModel": {
      "intents": [
        {
          "name": "AMAZON.CancelIntent",
          "samples": []
        },
        {
          "name": "AMAZON.HelpIntent",
          "samples": []
        },
        {
          "name": "AMAZON.StopIntent",
          "samples": []
        },
        {
          "slots": [],
          "name": "GetFactIntent",
          "samples": [
            "dime una curiosidad",
            "una curiosidad",
            "quiero una curiosidad",
            "dame una curiosidad"
          ]
        },
        {
          "name": "AMAZON.NavigateHomeIntent",
          "samples": []
        },
        {
          "name": "AMAZON.NextIntent",
          "samples": []
        },
        {
          "name": "AMAZON.NoIntent",
          "samples": []
        },
        {
          "name": "AMAZON.YesIntent",
          "samples": []
        }
      ],
      "types": [],
      "invocationName": "curiosidades sobre el pajaro canario"
    }
  }
}