{
  "manifest": {
    "apis": {
      "custom": {
        "endpoint": {
          "uri": "arn:aws:lambda:eu-west-1:623248518069:function:a5735f1d-fe6a-4931-b945-d74cf6cd48c8:Release_0"
        },
        "interfaces": [
          {
            "supportedViewports": [
              {
                "maxHeight": 540,
                "maxWidth": 960,
                "minHeight": 540,
                "minWidth": 960,
                "mode": "TV",
                "shape": "RECTANGLE"
              },
              {
                "maxHeight": 599,
                "maxWidth": 599,
                "minHeight": 100,
                "minWidth": 100,
                "mode": "HUB",
                "shape": "ROUND"
              },
              {
                "maxHeight": 959,
                "maxWidth": 1279,
                "minHeight": 600,
                "minWidth": 960,
                "mode": "HUB",
                "shape": "RECTANGLE"
              },
              {
                "maxHeight": 1279,
                "maxWidth": 1920,
                "minHeight": 600,
                "minWidth": 1280,
                "mode": "HUB",
                "shape": "RECTANGLE"
              },
              {
                "maxHeight": 599,
                "maxWidth": 1279,
                "minHeight": 100,
                "minWidth": 960,
                "mode": "HUB",
                "shape": "RECTANGLE"
              },
              {
                "maxHeight": 1279,
                "maxWidth": 2560,
                "minHeight": 960,
                "minWidth": 1920,
                "mode": "HUB",
                "shape": "RECTANGLE"
              },
              {
                "maxHeight": 2560,
                "maxWidth": 1279,
                "minHeight": 1920,
                "minWidth": 960,
                "mode": "HUB",
                "shape": "RECTANGLE"
              },
              {
                "maxHeight": 1920,
                "maxWidth": 959,
                "minHeight": 320,
                "minWidth": 600,
                "mode": "MOBILE",
                "shape": "RECTANGLE"
              },
              {
                "maxHeight": 1920,
                "maxWidth": 1279,
                "minHeight": 320,
                "minWidth": 960,
                "mode": "MOBILE",
                "shape": "RECTANGLE"
              },
              {
                "maxHeight": 1920,
                "maxWidth": 1920,
                "minHeight": 320,
                "minWidth": 1280,
                "mode": "MOBILE",
                "shape": "RECTANGLE"
              }
            ],
            "type": "ALEXA_PRESENTATION_APL"
          }
        ],
        "locales": {},
        "regions": {
          "NA": {
            "endpoint": {
              "uri": "arn:aws:lambda:us-east-1:623248518069:function:a5735f1d-fe6a-4931-b945-d74cf6cd48c8:Release_0"
            }
          },
          "EU": {
            "endpoint": {
              "uri": "arn:aws:lambda:eu-west-1:623248518069:function:a5735f1d-fe6a-4931-b945-d74cf6cd48c8:Release_0"
            }
          },
          "FE": {
            "endpoint": {
              "uri": "arn:aws:lambda:us-west-2:623248518069:function:a5735f1d-fe6a-4931-b945-d74cf6cd48c8:Release_0"
            }
          }
        }
      }
    },
    "manifestVersion": "1.0",
    "permissions": [
      {
        "name": "alexa::person_id:read"
      }
    ],
    "publishingInformation": {
      "locales": {
        "es-ES": {
          "description": "Pregunte por hechos y aprenda sobre lo que realmente importa, como la materia oscura. \n\nLa habilidad de hechos brinda diversión que toda la familia puede disfrutar y está garantizada para hacerlo más inteligente.\n\nPara comenzar, solo diga\"Alexa, inicie la habilidad de hechos\"o \" Alexa, abre Facts Skill \"para obtener un hecho\".\n\nEn cualquier momento, puedes detenerte diciendo\"Alexa, detente\"",
          "examplePhrases": [
            "Alexa Habilidad de hechos abiertos de",
            "Alexa pregunta a la habilidad de hechos por un hecho",
            "Alexa, habilidad de contar hechos para contarme trivia"
          ],
          "keywords": [
            "espacio",
            "fútbol",
            "hechos",
            "trivia"
          ],
          "name": "Curiosidades sobre los canarios",
          "summary": "Aprenda datos divertidos sobre el espacio y otros temas."
        }
      }
    }
  }
}